country,Year,Life_expactancy
Austria,1901,42
Austria,1902,41
Austria,1903,40.1
Austria,1904,40.7
Austria,1905,41.3
Austria,1906,42
Austria,1907,42.6
Austria,1908,43.2
Austria,1909,43.8
Austria,1910,44.5
Austria,1911,45.1
Austria,1912,45.6
Austria,1913,46.2
Austria,1914,46.8
Austria,1915,47.3
Austria,1916,47.9
Austria,1917,48.5
Austria,1918,32.4
Austria,1919,49.6
Austria,1920,50.2
Austria,1921,50.7
Austria,1922,51.3
Austria,1923,51.9
Austria,1924,52.4
Austria,1925,53
Austria,1926,53.6
Austria,1927,54.1
Austria,1928,54.7
Austria,1929,55.3
Austria,1930,55.8
Austria,1931,56.4
Austria,1932,56.7
Austria,1933,57
Austria,1934,57.3
Austria,1935,57.6
Austria,1936,57.9
Austria,1937,58.2
Austria,1938,58.5
Austria,1939,58
Austria,1940,57.7
Austria,1941,56.4
Austria,1942,54
Austria,1943,50.1
Austria,1944,39.1
Austria,1945,31.4
Austria,1946,55.9
Austria,1947,61.2
Austria,1948,63.2
Austria,1949,63.4
Austria,1950,64.8
Austria,1951,65.5
Austria,1952,66.7
Austria,1953,67.2
Austria,1954,67.3
Austria,1955,67.7
Austria,1956,67.8
Austria,1957,67.8
Austria,1958,68.4
Austria,1959,68.5
Austria,1960,69
Austria,1961,69.6
Austria,1962,69.7
Austria,1963,69.8
Austria,1964,70
Austria,1965,70.1
Austria,1966,70.2
Austria,1967,70.2
Austria,1968,70.3
Austria,1969,70.2
Austria,1970,70.2
Austria,1971,70.4
Austria,1972,70.7
Austria,1973,71.1
Austria,1974,71.2
Austria,1975,71.4
Austria,1976,71.8
Austria,1977,72.2
Austria,1978,72.4
Austria,1979,72.6
Austria,1980,72.8
Austria,1981,73.1
Austria,1982,73.3
Austria,1983,73.5
Austria,1984,73.9
Austria,1985,74.3
Austria,1986,74.7
Austria,1987,75.1
Austria,1988,75.5
Austria,1989,75.7
Austria,1990,76
Austria,1991,76.1
Austria,1992,76.3
Austria,1993,76.5
Austria,1994,76.7
Austria,1995,77
Austria,1996,77.3
Austria,1997,77.7
Austria,1998,77.9
Austria,1999,78.2
Austria,2000,78.5
Austria,2001,78.9
Austria,2002,79
Austria,2003,79.1
Austria,2004,79.5
Austria,2005,79.8
Austria,2006,80.1
Austria,2007,80.3
Austria,2008,80.5
Austria,2009,80.5
Austria,2010,80.8
Austria,2011,81
Austria,2012,81.2
Austria,2013,81.3
Austria,2014,81.5
Austria,2015,81.6
Austria,2016,81.8
Austria,2017,82
Austria,2018,82.1
Austria,2019,82.2
Austria,2020,81.5
Austria,2021,82.4
Belgium,1901,49.5
Belgium,1902,49.3
Belgium,1903,49.3
Belgium,1904,49.4
Belgium,1905,50.1
Belgium,1906,49.8
Belgium,1907,51.2
Belgium,1908,49.8
Belgium,1909,50.8
Belgium,1910,51.5
Belgium,1911,49.4
Belgium,1912,52.4
Belgium,1913,52.6
Belgium,1914,42.1
Belgium,1915,40.1
Belgium,1916,42.1
Belgium,1917,43.1
Belgium,1918,35
Belgium,1919,50
Belgium,1920,53.8
Belgium,1921,54.9
Belgium,1922,55.3
Belgium,1923,56.9
Belgium,1924,57.7
Belgium,1925,57.3
Belgium,1926,57.1
Belgium,1927,57.4
Belgium,1928,57.7
Belgium,1929,55.2
Belgium,1930,57.4
Belgium,1931,58.7
Belgium,1932,58.8
Belgium,1933,59
Belgium,1934,60.6
Belgium,1935,60.2
Belgium,1936,60.2
Belgium,1937,60.2
Belgium,1938,60.4
Belgium,1939,60.2
Belgium,1940,56.2
Belgium,1941,59.2
Belgium,1942,59.4
Belgium,1943,60.6
Belgium,1944,57.2
Belgium,1945,58.6
Belgium,1946,62.2
Belgium,1947,63.7
Belgium,1948,65.2
Belgium,1949,65.7
Belgium,1950,66.6
Belgium,1951,67.1
Belgium,1952,68
Belgium,1953,68.5
Belgium,1954,68.7
Belgium,1955,68.8
Belgium,1956,69
Belgium,1957,69.5
Belgium,1958,70
Belgium,1959,70.2
Belgium,1960,70.1
Belgium,1961,70.4
Belgium,1962,70.4
Belgium,1963,70.4
Belgium,1964,70.7
Belgium,1965,70.8
Belgium,1966,70.8
Belgium,1967,70.8
Belgium,1968,70.8
Belgium,1969,70.9
Belgium,1970,71.1
Belgium,1971,71.3
Belgium,1972,71.5
Belgium,1973,71.8
Belgium,1974,72
Belgium,1975,72.2
Belgium,1976,72.4
Belgium,1977,72.8
Belgium,1978,72.9
Belgium,1979,73.2
Belgium,1980,73.3
Belgium,1981,73.6
Belgium,1982,73.8
Belgium,1983,74
Belgium,1984,74.3
Belgium,1985,74.6
Belgium,1986,74.9
Belgium,1987,75.3
Belgium,1988,75.7
Belgium,1989,75.9
Belgium,1990,76.2
Belgium,1991,76.4
Belgium,1992,76.5
Belgium,1993,76.6
Belgium,1994,76.8
Belgium,1995,77
Belgium,1996,77.3
Belgium,1997,77.5
Belgium,1998,77.7
Belgium,1999,77.8
Belgium,2000,78
Belgium,2001,78.3
Belgium,2002,78.5
Belgium,2003,78.7
Belgium,2004,79.1
Belgium,2005,79.3
Belgium,2006,79.6
Belgium,2007,79.8
Belgium,2008,79.9
Belgium,2009,80
Belgium,2010,80.2
Belgium,2011,80.4
Belgium,2012,80.5
Belgium,2013,80.7
Belgium,2014,81
Belgium,2015,81.1
Belgium,2016,81.3
Belgium,2017,81.4
Belgium,2018,81.4
Belgium,2019,81.4
Belgium,2020,80.2
Belgium,2021,81.7
Bulgaria,1901,41.3
Bulgaria,1902,42.4
Bulgaria,1903,42.7
Bulgaria,1904,42.9
Bulgaria,1905,43.2
Bulgaria,1906,43.3
Bulgaria,1907,43.3
Bulgaria,1908,43.4
Bulgaria,1909,43.5
Bulgaria,1910,43.5
Bulgaria,1911,43.6
Bulgaria,1912,43.7
Bulgaria,1913,43.7
Bulgaria,1914,43.8
Bulgaria,1915,43.9
Bulgaria,1916,44
Bulgaria,1917,44
Bulgaria,1918,33.6
Bulgaria,1919,44.2
Bulgaria,1920,44.2
Bulgaria,1921,44.3
Bulgaria,1922,44.4
Bulgaria,1923,44.4
Bulgaria,1924,44.7
Bulgaria,1925,44.9
Bulgaria,1926,45.1
Bulgaria,1927,45.9
Bulgaria,1928,46.6
Bulgaria,1929,47.4
Bulgaria,1930,48.1
Bulgaria,1931,48.6
Bulgaria,1932,49.1
Bulgaria,1933,49.6
Bulgaria,1934,50.1
Bulgaria,1935,50.6
Bulgaria,1936,51.1
Bulgaria,1937,51.5
Bulgaria,1938,51.8
Bulgaria,1939,52
Bulgaria,1940,52.2
Bulgaria,1941,52.5
Bulgaria,1942,51.7
Bulgaria,1943,51.2
Bulgaria,1944,49.7
Bulgaria,1945,51.7
Bulgaria,1946,53.3
Bulgaria,1947,53.8
Bulgaria,1948,55.5
Bulgaria,1949,57.6
Bulgaria,1950,61
Bulgaria,1951,60.2
Bulgaria,1952,60.1
Bulgaria,1953,64
Bulgaria,1954,64.6
Bulgaria,1955,64.9
Bulgaria,1956,65.7
Bulgaria,1957,66.8
Bulgaria,1958,68.7
Bulgaria,1959,67.2
Bulgaria,1960,69.4
Bulgaria,1961,70.3
Bulgaria,1962,70
Bulgaria,1963,70.5
Bulgaria,1964,71.3
Bulgaria,1965,71.5
Bulgaria,1966,71.4
Bulgaria,1967,70.9
Bulgaria,1968,71.4
Bulgaria,1969,70.7
Bulgaria,1970,71.5
Bulgaria,1971,71
Bulgaria,1972,71.1
Bulgaria,1973,71.5
Bulgaria,1974,71.3
Bulgaria,1975,71.3
Bulgaria,1976,71.4
Bulgaria,1977,71
Bulgaria,1978,71.2
Bulgaria,1979,71.1
Bulgaria,1980,71.2
Bulgaria,1981,71.3
Bulgaria,1982,71
Bulgaria,1983,70.9
Bulgaria,1984,70.5
Bulgaria,1985,70.4
Bulgaria,1986,70.4
Bulgaria,1987,70.3
Bulgaria,1988,70.1
Bulgaria,1989,70.1
Bulgaria,1990,70.1
Bulgaria,1991,70.1
Bulgaria,1992,69.8
Bulgaria,1993,69.7
Bulgaria,1994,69.3
Bulgaria,1995,69.4
Bulgaria,1996,69.3
Bulgaria,1997,68.9
Bulgaria,1998,69.4
Bulgaria,1999,70
Bulgaria,2000,70.2
Bulgaria,2001,70.4
Bulgaria,2002,70.7
Bulgaria,2003,70.9
Bulgaria,2004,71
Bulgaria,2005,71.1
Bulgaria,2006,71.2
Bulgaria,2007,71.5
Bulgaria,2008,71.9
Bulgaria,2009,72.1
Bulgaria,2010,72.3
Bulgaria,2011,72.7
Bulgaria,2012,73
Bulgaria,2013,73.3
Bulgaria,2014,73
Bulgaria,2015,73.2
Bulgaria,2016,73.3
Bulgaria,2017,73.3
Bulgaria,2018,73.3
Bulgaria,2019,73.3
Bulgaria,2020,71.8
Bulgaria,2021,73.6
Belarus,1901,37.5
Belarus,1902,38.1
Belarus,1903,38.8
Belarus,1904,39.5
Belarus,1905,40.1
Belarus,1906,40.7
Belarus,1907,41.4
Belarus,1908,42
Belarus,1909,42.7
Belarus,1910,43.4
Belarus,1911,44
Belarus,1912,44.6
Belarus,1913,45.3
Belarus,1914,44.1
Belarus,1915,38.4
Belarus,1916,38.4
Belarus,1917,36.4
Belarus,1918,32.3
Belarus,1919,34.4
Belarus,1920,31.4
Belarus,1921,34.8
Belarus,1922,35.7
Belarus,1923,44.9
Belarus,1924,47.5
Belarus,1925,46.6
Belarus,1926,50
Belarus,1927,49.1
Belarus,1928,50.8
Belarus,1929,48.8
Belarus,1930,48.8
Belarus,1931,49.9
Belarus,1932,40.8
Belarus,1933,27
Belarus,1934,43.8
Belarus,1935,54
Belarus,1936,54.8
Belarus,1937,53.5
Belarus,1938,54.9
Belarus,1939,54.7
Belarus,1940,54.5
Belarus,1941,20.9
Belarus,1942,15.7
Belarus,1943,14.6
Belarus,1944,21.9
Belarus,1945,31.4
Belarus,1946,60.4
Belarus,1947,49.9
Belarus,1948,63.1
Belarus,1949,66.1
Belarus,1950,68.2
Belarus,1951,68.3
Belarus,1952,68.5
Belarus,1953,68.8
Belarus,1954,69.1
Belarus,1955,69.3
Belarus,1956,69.7
Belarus,1957,70
Belarus,1958,70.1
Belarus,1959,69.7
Belarus,1960,71
Belarus,1961,71.5
Belarus,1962,71.2
Belarus,1963,71.8
Belarus,1964,72.8
Belarus,1965,72.6
Belarus,1966,72.8
Belarus,1967,72.6
Belarus,1968,72.7
Belarus,1969,72.5
Belarus,1970,72.1
Belarus,1971,72.4
Belarus,1972,72.2
Belarus,1973,72.3
Belarus,1974,72.5
Belarus,1975,71.9
Belarus,1976,71.7
Belarus,1977,71.6
Belarus,1978,71.5
Belarus,1979,71.2
Belarus,1980,71
Belarus,1981,71.3
Belarus,1982,71.4
Belarus,1983,71.2
Belarus,1984,70.5
Belarus,1985,71.1
Belarus,1986,72.3
Belarus,1987,72.2
Belarus,1988,72.2
Belarus,1989,71.6
Belarus,1990,71.3
Belarus,1991,70.8
Belarus,1992,70.3
Belarus,1993,69.3
Belarus,1994,69.1
Belarus,1995,68.7
Belarus,1996,68.9
Belarus,1997,68.7
Belarus,1998,68.4
Belarus,1999,68.2
Belarus,2000,69
Belarus,2001,68.6
Belarus,2002,68
Belarus,2003,68.6
Belarus,2004,69
Belarus,2005,68.8
Belarus,2006,69.5
Belarus,2007,70.4
Belarus,2008,70.5
Belarus,2009,70.6
Belarus,2010,70.6
Belarus,2011,70.5
Belarus,2012,72.3
Belarus,2013,72.8
Belarus,2014,73.1
Belarus,2015,73.7
Belarus,2016,73.8
Belarus,2017,73.8
Belarus,2018,74
Belarus,2019,74
Belarus,2020,73.5
Belarus,2021,74.3
Switzerland,1901,49
Switzerland,1902,50.4
Switzerland,1903,50
Switzerland,1904,49.2
Switzerland,1905,49.7
Switzerland,1906,50.8
Switzerland,1907,51.2
Switzerland,1908,52.3
Switzerland,1909,51.6
Switzerland,1910,52.9
Switzerland,1911,51.8
Switzerland,1912,54.5
Switzerland,1913,54.2
Switzerland,1914,55.2
Switzerland,1915,56
Switzerland,1916,56.6
Switzerland,1917,55.9
Switzerland,1918,46.3
Switzerland,1919,55
Switzerland,1920,54.4
Switzerland,1921,57.9
Switzerland,1922,58.5
Switzerland,1923,60.1
Switzerland,1924,59.5
Switzerland,1925,60
Switzerland,1926,60.7
Switzerland,1927,60.1
Switzerland,1928,60.5
Switzerland,1929,60.2
Switzerland,1930,61.5
Switzerland,1931,61.3
Switzerland,1932,61.3
Switzerland,1933,62.5
Switzerland,1934,63
Switzerland,1935,62.2
Switzerland,1936,63.2
Switzerland,1937,63.6
Switzerland,1938,63.9
Switzerland,1939,64.1
Switzerland,1940,63.6
Switzerland,1941,65
Switzerland,1942,65.7
Switzerland,1943,65.9
Switzerland,1944,65
Switzerland,1945,65.5
Switzerland,1946,66.1
Switzerland,1947,66.3
Switzerland,1948,67.4
Switzerland,1949,68
Switzerland,1950,69
Switzerland,1951,69
Switzerland,1952,69.6
Switzerland,1953,69.8
Switzerland,1954,70.1
Switzerland,1955,70.3
Switzerland,1956,70.5
Switzerland,1957,70.8
Switzerland,1958,71.4
Switzerland,1959,71.6
Switzerland,1960,71.8
Switzerland,1961,71.9
Switzerland,1962,71.7
Switzerland,1963,71.8
Switzerland,1964,72.3
Switzerland,1965,72.5
Switzerland,1966,72.7
Switzerland,1967,72.9
Switzerland,1968,73
Switzerland,1969,73.1
Switzerland,1970,73.3
Switzerland,1971,73.6
Switzerland,1972,74
Switzerland,1973,74.3
Switzerland,1974,74.7
Switzerland,1975,75
Switzerland,1976,75.3
Switzerland,1977,75.5
Switzerland,1978,75.7
Switzerland,1979,75.9
Switzerland,1980,76
Switzerland,1981,76.2
Switzerland,1982,76.4
Switzerland,1983,76.6
Switzerland,1984,77
Switzerland,1985,77.2
Switzerland,1986,77.4
Switzerland,1987,77.7
Switzerland,1988,77.8
Switzerland,1989,77.9
Switzerland,1990,77.9
Switzerland,1991,78.1
Switzerland,1992,78.4
Switzerland,1993,78.7
Switzerland,1994,79
Switzerland,1995,78.9
Switzerland,1996,79.3
Switzerland,1997,79.6
Switzerland,1998,79.9
Switzerland,1999,80.1
Switzerland,2000,80.3
Switzerland,2001,80.6
Switzerland,2002,80.9
Switzerland,2003,81.1
Switzerland,2004,81.4
Switzerland,2005,81.7
Switzerland,2006,81.9
Switzerland,2007,82.2
Switzerland,2008,82.4
Switzerland,2009,82.5
Switzerland,2010,82.8
Switzerland,2011,83
Switzerland,2012,83.1
Switzerland,2013,83.3
Switzerland,2014,83.5
Switzerland,2015,83.6
Switzerland,2016,83.8
Switzerland,2017,83.9
Switzerland,2018,83.9
Switzerland,2019,84
Switzerland,2020,83.2
Switzerland,2021,84.3
Germany,1901,44.1
Germany,1902,44.4
Germany,1903,44.7
Germany,1904,45
Germany,1905,45.3
Germany,1906,45.9
Germany,1907,46.5
Germany,1908,47.1
Germany,1909,47.7
Germany,1910,48.3
Germany,1911,48.9
Germany,1912,49.4
Germany,1913,50
Germany,1914,46
Germany,1915,40.4
Germany,1916,38.9
Germany,1917,39.9
Germany,1918,32.8
Germany,1919,48.1
Germany,1920,53.3
Germany,1921,54.8
Germany,1922,55.4
Germany,1923,56
Germany,1924,56.6
Germany,1925,57.2
Germany,1926,57.6
Germany,1927,58
Germany,1928,58.4
Germany,1929,58.8
Germany,1930,59.2
Germany,1931,59.6
Germany,1932,60
Germany,1933,60.4
Germany,1934,60.8
Germany,1935,61.2
Germany,1936,61.5
Germany,1937,61.8
Germany,1938,62
Germany,1939,60.7
Germany,1940,60.4
Germany,1941,58.7
Germany,1942,54.7
Germany,1943,49.4
Germany,1944,36.8
Germany,1945,28.8
Germany,1946,60.2
Germany,1947,61.8
Germany,1948,63.3
Germany,1949,64.9
Germany,1950,66.5
Germany,1951,66.9
Germany,1952,67.3
Germany,1953,67.7
Germany,1954,68.1
Germany,1955,68.5
Germany,1956,68.9
Germany,1957,68.9
Germany,1958,69.3
Germany,1959,69.3
Germany,1960,69.4
Germany,1961,69.8
Germany,1962,70
Germany,1963,70.2
Germany,1964,70.5
Germany,1965,70.7
Germany,1966,70.8
Germany,1967,70.8
Germany,1968,70.5
Germany,1969,70.4
Germany,1970,70.6
Germany,1971,70.8
Germany,1972,71
Germany,1973,71.3
Germany,1974,71.6
Germany,1975,71.7
Germany,1976,72.1
Germany,1977,72.5
Germany,1978,72.7
Germany,1979,73
Germany,1980,73.3
Germany,1981,73.5
Germany,1982,73.8
Germany,1983,74.1
Germany,1984,74.6
Germany,1985,74.8
Germany,1986,75.1
Germany,1987,75.3
Germany,1988,75.5
Germany,1989,75.7
Germany,1990,75.7
Germany,1991,75.8
Germany,1992,76.2
Germany,1993,76.3
Germany,1994,76.6
Germany,1995,76.9
Germany,1996,77.1
Germany,1997,77.5
Germany,1998,77.8
Germany,1999,78.1
Germany,2000,78.4
Germany,2001,78.7
Germany,2002,78.8
Germany,2003,78.9
Germany,2004,79.3
Germany,2005,79.6
Germany,2006,79.9
Germany,2007,80
Germany,2008,80.2
Germany,2009,80.3
Germany,2010,80.5
Germany,2011,80.7
Germany,2012,80.8
Germany,2013,80.8
Germany,2014,81
Germany,2015,80.9
Germany,2016,81
Germany,2017,81.1
Germany,2018,81.2
Germany,2019,81.2
Germany,2020,81
Germany,2021,81.5
Spain,1901,35.6
Spain,1902,36.5
Spain,1903,37.3
Spain,1904,38.1
Spain,1905,38.9
Spain,1906,39.8
Spain,1907,40.6
Spain,1908,41.4
Spain,1909,41
Spain,1910,40.9
Spain,1911,39.8
Spain,1912,43.5
Spain,1913,42.5
Spain,1914,42.8
Spain,1915,43
Spain,1916,44
Spain,1917,42.6
Spain,1918,30.3
Spain,1919,41.1
Spain,1920,39.3
Spain,1921,42
Spain,1922,44.2
Spain,1923,44.7
Spain,1924,46.3
Spain,1925,46.9
Spain,1926,47.7
Spain,1927,48.5
Spain,1928,48.6
Spain,1929,49.5
Spain,1930,49.3
Spain,1931,49.2
Spain,1932,51.2
Spain,1933,51.6
Spain,1934,52.2
Spain,1935,52.7
Spain,1936,50.9
Spain,1937,47.2
Spain,1938,47.5
Spain,1939,47
Spain,1940,48.3
Spain,1941,47.1
Spain,1942,52.4
Spain,1943,54.8
Spain,1944,56.2
Spain,1945,57.8
Spain,1946,57.5
Spain,1947,59.3
Spain,1948,61.2
Spain,1949,61
Spain,1950,61.8
Spain,1951,62.2
Spain,1952,64.5
Spain,1953,65.7
Spain,1954,66.7
Spain,1955,66.7
Spain,1956,66.9
Spain,1957,67
Spain,1958,68.5
Spain,1959,68.8
Spain,1960,69.5
Spain,1961,69.7
Spain,1962,69.8
Spain,1963,70
Spain,1964,70.5
Spain,1965,70.9
Spain,1966,71.2
Spain,1967,71.4
Spain,1968,71.6
Spain,1969,71.5
Spain,1970,72
Spain,1971,72.1
Spain,1972,72.8
Spain,1973,72.9
Spain,1974,73.3
Spain,1975,73.6
Spain,1976,74
Spain,1977,74.3
Spain,1978,74.6
Spain,1979,75
Spain,1980,75.5
Spain,1981,75.8
Spain,1982,76.2
Spain,1983,76.2
Spain,1984,76.4
Spain,1985,76.5
Spain,1986,76.6
Spain,1987,76.8
Spain,1988,76.9
Spain,1989,76.9
Spain,1990,77
Spain,1991,77.1
Spain,1992,77.5
Spain,1993,77.7
Spain,1994,78
Spain,1995,78.1
Spain,1996,78.3
Spain,1997,78.8
Spain,1998,79
Spain,1999,79.1
Spain,2000,79.5
Spain,2001,79.8
Spain,2002,79.9
Spain,2003,80
Spain,2004,80.3
Spain,2005,80.6
Spain,2006,81
Spain,2007,81.2
Spain,2008,81.4
Spain,2009,81.8
Spain,2010,82.1
Spain,2011,82.3
Spain,2012,82.4
Spain,2013,82.7
Spain,2014,82.8
Spain,2015,82.8
Spain,2016,83
Spain,2017,83
Spain,2018,83.1
Spain,2019,83.1
Spain,2020,81.5
Spain,2021,83.3
Estonia,1901,43.5
Estonia,1902,43.9
Estonia,1903,44.3
Estonia,1904,44.7
Estonia,1905,45.1
Estonia,1906,45.5
Estonia,1907,45.9
Estonia,1908,46.3
Estonia,1909,46.6
Estonia,1910,47
Estonia,1911,47.4
Estonia,1912,47.8
Estonia,1913,48.2
Estonia,1914,47.5
Estonia,1915,44.5
Estonia,1916,44.3
Estonia,1917,37
Estonia,1918,35
Estonia,1919,37.7
Estonia,1920,46.4
Estonia,1921,52.6
Estonia,1922,51.7
Estonia,1923,53.3
Estonia,1924,54.2
Estonia,1925,54.9
Estonia,1926,52.5
Estonia,1927,50.1
Estonia,1928,53
Estonia,1929,51.6
Estonia,1930,54.8
Estonia,1931,54
Estonia,1932,55.8
Estonia,1933,56.8
Estonia,1934,57.4
Estonia,1935,56.3
Estonia,1936,56.8
Estonia,1937,57.7
Estonia,1938,59
Estonia,1939,58.3
Estonia,1940,56.8
Estonia,1941,46.6
Estonia,1942,55.8
Estonia,1943,56
Estonia,1944,32.6
Estonia,1945,49.1
Estonia,1946,58.3
Estonia,1947,51.4
Estonia,1948,63.9
Estonia,1949,65.4
Estonia,1950,66.7
Estonia,1951,66.9
Estonia,1952,67.1
Estonia,1953,67.3
Estonia,1954,67.5
Estonia,1955,67.7
Estonia,1956,67.9
Estonia,1957,68.1
Estonia,1958,68.3
Estonia,1959,68.5
Estonia,1960,69.4
Estonia,1961,69.6
Estonia,1962,69.8
Estonia,1963,70
Estonia,1964,70.6
Estonia,1965,70.8
Estonia,1966,70.7
Estonia,1967,70.9
Estonia,1968,70.6
Estonia,1969,70.3
Estonia,1970,70.5
Estonia,1971,70.6
Estonia,1972,70.3
Estonia,1973,70.7
Estonia,1974,70.8
Estonia,1975,70.2
Estonia,1976,69.9
Estonia,1977,69.9
Estonia,1978,69.7
Estonia,1979,69.4
Estonia,1980,69.7
Estonia,1981,69.4
Estonia,1982,69.9
Estonia,1983,69.8
Estonia,1984,69.6
Estonia,1985,69.8
Estonia,1986,71
Estonia,1987,71.1
Estonia,1988,71
Estonia,1989,70.5
Estonia,1990,70
Estonia,1991,69.5
Estonia,1992,69.5
Estonia,1993,68.3
Estonia,1994,66.8
Estonia,1995,68
Estonia,1996,70
Estonia,1997,70.3
Estonia,1998,69.9
Estonia,1999,70.7
Estonia,2000,71
Estonia,2001,70.8
Estonia,2002,71.4
Estonia,2003,72.1
Estonia,2004,72.5
Estonia,2005,73
Estonia,2006,73.3
Estonia,2007,73.3
Estonia,2008,74.4
Estonia,2009,75.2
Estonia,2010,76.3
Estonia,2011,76.3
Estonia,2012,76.5
Estonia,2013,77.2
Estonia,2014,77.3
Estonia,2015,77.8
Estonia,2016,77.7
Estonia,2017,77.8
Estonia,2018,77.9
Estonia,2019,78
Estonia,2020,77.7
Estonia,2021,78.3
Finland,1901,42.9
Finland,1902,46.3
Finland,1903,46.7
Finland,1904,47.3
Finland,1905,46.1
Finland,1906,47.2
Finland,1907,47.1
Finland,1908,46.2
Finland,1909,48.8
Finland,1910,48.6
Finland,1911,48.8
Finland,1912,49.2
Finland,1913,49.2
Finland,1914,49.8
Finland,1915,49.7
Finland,1916,48.1
Finland,1917,46.6
Finland,1918,32.8
Finland,1919,43.2
Finland,1920,47.7
Finland,1921,52.5
Finland,1922,52.1
Finland,1923,52.7
Finland,1924,50.4
Finland,1925,53.6
Finland,1926,54
Finland,1927,52
Finland,1928,53.9
Finland,1929,51.4
Finland,1930,54.6
Finland,1931,55
Finland,1932,56
Finland,1933,55.6
Finland,1934,56.2
Finland,1935,57.5
Finland,1936,56.4
Finland,1937,57.3
Finland,1938,57.4
Finland,1939,54.9
Finland,1940,46.8
Finland,1941,46.7
Finland,1942,54.1
Finland,1943,56.5
Finland,1944,48.2
Finland,1945,57.4
Finland,1946,60.5
Finland,1947,60.8
Finland,1948,62.2
Finland,1949,62.1
Finland,1950,64.5
Finland,1951,65.8
Finland,1952,66.7
Finland,1953,66.9
Finland,1954,67.6
Finland,1955,67.7
Finland,1956,68.1
Finland,1957,67.9
Finland,1958,68.7
Finland,1959,69
Finland,1960,69.2
Finland,1961,69.2
Finland,1962,69.2
Finland,1963,69.4
Finland,1964,69.5
Finland,1965,69.6
Finland,1966,69.9
Finland,1967,70
Finland,1968,70.1
Finland,1969,70.1
Finland,1970,70.7
Finland,1971,70.9
Finland,1972,71.3
Finland,1973,71.7
Finland,1974,71.7
Finland,1975,72.2
Finland,1976,72.4
Finland,1977,72.8
Finland,1978,73.3
Finland,1979,73.6
Finland,1980,74
Finland,1981,74.3
Finland,1982,74.7
Finland,1983,74.8
Finland,1984,75
Finland,1985,74.9
Finland,1986,75
Finland,1987,75.1
Finland,1988,75.1
Finland,1989,75.3
Finland,1990,75.4
Finland,1991,75.7
Finland,1992,76
Finland,1993,76.3
Finland,1994,76.8
Finland,1995,76.9
Finland,1996,77.2
Finland,1997,77.3
Finland,1998,77.6
Finland,1999,77.8
Finland,2000,78
Finland,2001,78.4
Finland,2002,78.6
Finland,2003,78.8
Finland,2004,79
Finland,2005,79.3
Finland,2006,79.6
Finland,2007,79.7
Finland,2008,80
Finland,2009,80.2
Finland,2010,80.4
Finland,2011,80.7
Finland,2012,80.9
Finland,2013,81.2
Finland,2014,81.4
Finland,2015,81.7
Finland,2016,81.8
Finland,2017,81.8
Finland,2018,81.8
Finland,2019,81.9
Finland,2020,82
Finland,2021,82.2
France,1901,47.2
France,1902,48.2
France,1903,48.6
France,1904,48.3
France,1905,48.6
France,1906,48
France,1907,48.5
France,1908,49.6
France,1909,50.3
France,1910,51.7
France,1911,48.5
France,1912,51.9
France,1913,51.7
France,1914,38.1
France,1915,35.9
France,1916,39.8
France,1917,42.9
France,1918,34.6
France,1919,47.9
France,1920,52
France,1921,53.1
France,1922,55.3
France,1923,55
France,1924,55.7
France,1925,54.8
France,1926,54.5
France,1927,56.2
France,1928,55.9
France,1929,54.7
France,1930,57.4
France,1931,57.4
France,1932,57.8
France,1933,58.2
France,1934,58.9
France,1935,58.9
France,1936,59.4
France,1937,59.7
France,1938,59.5
France,1939,60.2
France,1940,49.9
France,1941,58.2
France,1942,58
France,1943,53.9
France,1944,47.7
France,1945,55.5
France,1946,63
France,1947,64.7
France,1948,66.5
France,1949,65.6
France,1950,67.1
France,1951,66.7
France,1952,68.1
France,1953,68.5
France,1954,69
France,1955,69.3
France,1956,69.5
France,1957,69.9
France,1958,70.8
France,1959,71
France,1960,71.2
France,1961,71.3
France,1962,71.2
France,1963,71.2
France,1964,71.7
France,1965,71.8
France,1966,72
France,1967,72.1
France,1968,72.1
France,1969,72.1
France,1970,72.6
France,1971,72.7
France,1972,72.9
France,1973,73.2
France,1974,73.4
France,1975,73.3
France,1976,73.6
France,1977,74
France,1978,74.3
France,1979,74.5
France,1980,74.7
France,1981,74.9
France,1982,75.1
France,1983,75.3
France,1984,75.6
France,1985,75.8
France,1986,76
France,1987,76.5
France,1988,76.8
France,1989,77
France,1990,77.2
France,1991,77.4
France,1992,77.6
France,1993,77.8
France,1994,78
France,1995,78.2
France,1996,78.4
France,1997,78.7
France,1998,78.8
France,1999,78.9
France,2000,79.2
France,2001,79.3
France,2002,79.5
France,2003,79.7
France,2004,80.3
France,2005,80.6
France,2006,80.8
France,2007,81.1
France,2008,81.2
France,2009,81.4
France,2010,81.6
France,2011,81.8
France,2012,82
France,2013,82.3
France,2014,82.6
France,2015,82.5
France,2016,82.8
France,2017,82.9
France,2018,82.9
France,2019,82.9
France,2020,82.2
France,2021,83.1
United Kingdom,1901,48
United Kingdom,1902,49.1
United Kingdom,1903,50.5
United Kingdom,1904,49.2
United Kingdom,1905,50.9
United Kingdom,1906,50.6
United Kingdom,1907,51.5
United Kingdom,1908,51.9
United Kingdom,1909,52.6
United Kingdom,1910,54.1
United Kingdom,1911,51.6
United Kingdom,1912,54.6
United Kingdom,1913,53.9
United Kingdom,1914,52.1
United Kingdom,1915,48.3
United Kingdom,1916,47.8
United Kingdom,1917,45.6
United Kingdom,1918,40.5
United Kingdom,1919,54.2
United Kingdom,1920,56.7
United Kingdom,1921,58.5
United Kingdom,1922,57.2
United Kingdom,1923,59.5
United Kingdom,1924,58.3
United Kingdom,1925,58.6
United Kingdom,1926,59.8
United Kingdom,1927,59.1
United Kingdom,1928,60.1
United Kingdom,1929,57.8
United Kingdom,1930,61
United Kingdom,1931,60.2
United Kingdom,1932,60.8
United Kingdom,1933,60.8
United Kingdom,1934,61.5
United Kingdom,1935,62.2
United Kingdom,1936,62
United Kingdom,1937,62
United Kingdom,1938,63.4
United Kingdom,1939,63.8
United Kingdom,1940,61.1
United Kingdom,1941,61.5
United Kingdom,1942,64.1
United Kingdom,1943,64.2
United Kingdom,1944,65
United Kingdom,1945,66
United Kingdom,1946,66.6
United Kingdom,1947,66.6
United Kingdom,1948,68.7
United Kingdom,1949,68.4
United Kingdom,1950,68.9
United Kingdom,1951,68.8
United Kingdom,1952,69.5
United Kingdom,1953,70
United Kingdom,1954,70.3
United Kingdom,1955,70.5
United Kingdom,1956,70.6
United Kingdom,1957,70.8
United Kingdom,1958,71
United Kingdom,1959,71.1
United Kingdom,1960,71.2
United Kingdom,1961,71.1
United Kingdom,1962,71
United Kingdom,1963,71.1
United Kingdom,1964,71.5
United Kingdom,1965,71.7
United Kingdom,1966,71.7
United Kingdom,1967,72
United Kingdom,1968,71.9
United Kingdom,1969,71.9
United Kingdom,1970,72.1
United Kingdom,1971,72.2
United Kingdom,1972,72.2
United Kingdom,1973,72.3
United Kingdom,1974,72.5
United Kingdom,1975,72.8
United Kingdom,1976,72.9
United Kingdom,1977,73.2
United Kingdom,1978,73.3
United Kingdom,1979,73.4
United Kingdom,1980,73.8
United Kingdom,1981,74.1
United Kingdom,1982,74.2
United Kingdom,1983,74.5
United Kingdom,1984,74.8
United Kingdom,1985,74.8
United Kingdom,1986,75
United Kingdom,1987,75.3
United Kingdom,1988,75.4
United Kingdom,1989,75.6
United Kingdom,1990,75.8
United Kingdom,1991,76.1
United Kingdom,1992,76.3
United Kingdom,1993,76.4
United Kingdom,1994,76.7
United Kingdom,1995,76.8
United Kingdom,1996,77
United Kingdom,1997,77.3
United Kingdom,1998,77.5
United Kingdom,1999,77.6
United Kingdom,2000,78
United Kingdom,2001,78.3
United Kingdom,2002,78.5
United Kingdom,2003,78.6
United Kingdom,2004,79
United Kingdom,2005,79.3
United Kingdom,2006,79.5
United Kingdom,2007,79.8
United Kingdom,2008,80
United Kingdom,2009,80.3
United Kingdom,2010,80.6
United Kingdom,2011,80.8
United Kingdom,2012,80.9
United Kingdom,2013,81
United Kingdom,2014,81.1
United Kingdom,2015,81
United Kingdom,2016,81.1
United Kingdom,2017,81.2
United Kingdom,2018,81
United Kingdom,2019,81.1
United Kingdom,2020,79.4
United Kingdom,2021,81.3
Greece,1901,41
Greece,1902,41.3
Greece,1903,41.5
Greece,1904,41.7
Greece,1905,41.9
Greece,1906,42
Greece,1907,42.2
Greece,1908,42.5
Greece,1909,42.9
Greece,1910,43.1
Greece,1911,43.5
Greece,1912,43.8
Greece,1913,44
Greece,1914,44.4
Greece,1915,44.7
Greece,1916,45
Greece,1917,45.3
Greece,1918,24.9
Greece,1919,45.9
Greece,1920,46.2
Greece,1921,46.5
Greece,1922,46.8
Greece,1923,47.5
Greece,1924,48.1
Greece,1925,48.8
Greece,1926,49.4
Greece,1927,50.1
Greece,1928,48
Greece,1929,52
Greece,1930,52.2
Greece,1931,52.4
Greece,1932,52.6
Greece,1933,53.2
Greece,1934,53.7
Greece,1935,54.2
Greece,1936,54.7
Greece,1937,55.2
Greece,1938,55.8
Greece,1939,56.4
Greece,1940,56.9
Greece,1941,42.1
Greece,1942,30.9
Greece,1943,41
Greece,1944,47.3
Greece,1945,61
Greece,1946,59
Greece,1947,56.3
Greece,1948,50.8
Greece,1949,58.3
Greece,1950,69
Greece,1951,69.2
Greece,1952,70.5
Greece,1953,70.5
Greece,1954,71
Greece,1955,71.5
Greece,1956,71.7
Greece,1957,71.4
Greece,1958,72.2
Greece,1959,72.2
Greece,1960,72.4
Greece,1961,72.4
Greece,1962,72.2
Greece,1963,72.4
Greece,1964,72.5
Greece,1965,73
Greece,1966,73.2
Greece,1967,73
Greece,1968,73.2
Greece,1969,73.5
Greece,1970,73.8
Greece,1971,74.1
Greece,1972,74.1
Greece,1973,74.4
Greece,1974,74.6
Greece,1975,74.6
Greece,1976,74.7
Greece,1977,74.9
Greece,1978,75.1
Greece,1979,75.2
Greece,1980,75.3
Greece,1981,75.4
Greece,1982,75.6
Greece,1983,75.6
Greece,1984,75.8
Greece,1985,75.9
Greece,1986,76.2
Greece,1987,76.4
Greece,1988,76.8
Greece,1989,77.1
Greece,1990,77.2
Greece,1991,77.3
Greece,1992,77.4
Greece,1993,77.6
Greece,1994,77.7
Greece,1995,77.8
Greece,1996,77.9
Greece,1997,78.1
Greece,1998,78.2
Greece,1999,78.2
Greece,2000,78.4
Greece,2001,78.7
Greece,2002,78.9
Greece,2003,79.1
Greece,2004,79.2
Greece,2005,79.4
Greece,2006,79.7
Greece,2007,79.6
Greece,2008,80
Greece,2009,80.2
Greece,2010,80.4
Greece,2011,80.5
Greece,2012,80.6
Greece,2013,80.9
Greece,2014,81
Greece,2015,80.9
Greece,2016,81
Greece,2017,81.1
Greece,2018,81
Greece,2019,80.9
Greece,2020,80.4
Greece,2021,81.3
Croatia,1901,34.9
Croatia,1902,34.8
Croatia,1903,34.8
Croatia,1904,34.8
Croatia,1905,34.7
Croatia,1906,34.7
Croatia,1907,34.6
Croatia,1908,34.6
Croatia,1909,34.6
Croatia,1910,34.5
Croatia,1911,34.5
Croatia,1912,34.5
Croatia,1913,34.4
Croatia,1914,34.4
Croatia,1915,34.3
Croatia,1916,34.3
Croatia,1917,34.3
Croatia,1918,13.3
Croatia,1919,34.2
Croatia,1920,34.1
Croatia,1921,34.9
Croatia,1922,35.6
Croatia,1923,36.3
Croatia,1924,37
Croatia,1925,37.7
Croatia,1926,38.4
Croatia,1927,39.1
Croatia,1928,39.9
Croatia,1929,40.6
Croatia,1930,41.3
Croatia,1931,42
Croatia,1932,42.7
Croatia,1933,43.4
Croatia,1934,44.1
Croatia,1935,44.8
Croatia,1936,45.5
Croatia,1937,46.1
Croatia,1938,46.8
Croatia,1939,47.5
Croatia,1940,48.2
Croatia,1941,38.5
Croatia,1942,35.2
Croatia,1943,32.9
Croatia,1944,31.4
Croatia,1945,33.8
Croatia,1946,46
Croatia,1947,52.2
Croatia,1948,53.5
Croatia,1949,54.3
Croatia,1950,55
Croatia,1951,54.3
Croatia,1952,57.9
Croatia,1953,58.2
Croatia,1954,60.6
Croatia,1955,60.2
Croatia,1956,61.4
Croatia,1957,62
Croatia,1958,64.6
Croatia,1959,64.2
Croatia,1960,64.7
Croatia,1961,66
Croatia,1962,65.4
Croatia,1963,66.6
Croatia,1964,66.6
Croatia,1965,67.6
Croatia,1966,68.8
Croatia,1967,68.5
Croatia,1968,68.5
Croatia,1969,68
Croatia,1970,68.7
Croatia,1971,69.2
Croatia,1972,69.1
Croatia,1973,70
Croatia,1974,70.4
Croatia,1975,70.6
Croatia,1976,70.8
Croatia,1977,70.9
Croatia,1978,70.7
Croatia,1979,70.7
Croatia,1980,70.7
Croatia,1981,70.7
Croatia,1982,70.6
Croatia,1983,70.3
Croatia,1984,70.7
Croatia,1985,71.3
Croatia,1986,71.6
Croatia,1987,71.4
Croatia,1988,71.8
Croatia,1989,72.2
Croatia,1990,72.5
Croatia,1991,72
Croatia,1992,72.4
Croatia,1993,72.7
Croatia,1994,73.3
Croatia,1995,73
Croatia,1996,73.5
Croatia,1997,73.5
Croatia,1998,73.8
Croatia,1999,74.1
Croatia,2000,74.7
Croatia,2001,74.9
Croatia,2002,75
Croatia,2003,75.1
Croatia,2004,75.6
Croatia,2005,75.6
Croatia,2006,76
Croatia,2007,75.9
Croatia,2008,75.9
Croatia,2009,76.5
Croatia,2010,76.8
Croatia,2011,77.1
Croatia,2012,77.4
Croatia,2013,77.8
Croatia,2014,77.9
Croatia,2015,77.7
Croatia,2016,78.4
Croatia,2017,78.5
Croatia,2018,78.6
Croatia,2019,78.7
Croatia,2020,77.9
Croatia,2021,79
Hungary,1901,37.5
Hungary,1902,37.8
Hungary,1903,38
Hungary,1904,38.3
Hungary,1905,38.5
Hungary,1906,38.7
Hungary,1907,39
Hungary,1908,39.2
Hungary,1909,39.5
Hungary,1910,39.7
Hungary,1911,39.9
Hungary,1912,40.1
Hungary,1913,40.4
Hungary,1914,40.6
Hungary,1915,40.8
Hungary,1916,41.1
Hungary,1917,41.3
Hungary,1918,30.1
Hungary,1919,41.7
Hungary,1920,42
Hungary,1921,42.8
Hungary,1922,43.6
Hungary,1923,44.4
Hungary,1924,45.2
Hungary,1925,46
Hungary,1926,46.9
Hungary,1927,47.7
Hungary,1928,48.5
Hungary,1929,49.3
Hungary,1930,50.1
Hungary,1931,50.8
Hungary,1932,51.4
Hungary,1933,52.1
Hungary,1934,52.8
Hungary,1935,53.5
Hungary,1936,54.1
Hungary,1937,54.8
Hungary,1938,55.5
Hungary,1939,56.2
Hungary,1940,56.8
Hungary,1941,56.4
Hungary,1942,50.9
Hungary,1943,40.9
Hungary,1944,25.9
Hungary,1945,46.9
Hungary,1946,54.8
Hungary,1947,58.8
Hungary,1948,60.5
Hungary,1949,61.1
Hungary,1950,61.9
Hungary,1951,62.5
Hungary,1952,64
Hungary,1953,64.2
Hungary,1954,65.5
Hungary,1955,66.6
Hungary,1956,65.7
Hungary,1957,66.3
Hungary,1958,67.3
Hungary,1959,67.3
Hungary,1960,68.1
Hungary,1961,68.8
Hungary,1962,68.2
Hungary,1963,68.9
Hungary,1964,69.5
Hungary,1965,69.4
Hungary,1966,69.9
Hungary,1967,69.6
Hungary,1968,69.4
Hungary,1969,69.3
Hungary,1970,69.2
Hungary,1971,69.1
Hungary,1972,69.7
Hungary,1973,69.8
Hungary,1974,69.5
Hungary,1975,69.4
Hungary,1976,69.6
Hungary,1977,69.9
Hungary,1978,69.5
Hungary,1979,69.5
Hungary,1980,69.1
Hungary,1981,69.1
Hungary,1982,69.3
Hungary,1983,68.9
Hungary,1984,68.9
Hungary,1985,68.9
Hungary,1986,69.2
Hungary,1987,69.6
Hungary,1988,70
Hungary,1989,69.4
Hungary,1990,69.5
Hungary,1991,69.5
Hungary,1992,69.1
Hungary,1993,69.2
Hungary,1994,69.6
Hungary,1995,70
Hungary,1996,70.8
Hungary,1997,71
Hungary,1998,71
Hungary,1999,71.1
Hungary,2000,71.9
Hungary,2001,72.5
Hungary,2002,72.6
Hungary,2003,72.7
Hungary,2004,73.1
Hungary,2005,73.1
Hungary,2006,73.5
Hungary,2007,73.6
Hungary,2008,74.2
Hungary,2009,74.4
Hungary,2010,74.8
Hungary,2011,75.1
Hungary,2012,75.4
Hungary,2013,75.9
Hungary,2014,76
Hungary,2015,75.9
Hungary,2016,76.3
Hungary,2017,76.3
Hungary,2018,76.3
Hungary,2019,76.6
Hungary,2020,75.8
Hungary,2021,76.9
Ireland,1901,49.5
Ireland,1902,50
Ireland,1903,50.4
Ireland,1904,50.8
Ireland,1905,51.3
Ireland,1906,51.7
Ireland,1907,52.2
Ireland,1908,52.6
Ireland,1909,53.1
Ireland,1910,53.5
Ireland,1911,54
Ireland,1912,54.2
Ireland,1913,54.5
Ireland,1914,54.7
Ireland,1915,55
Ireland,1916,55.2
Ireland,1917,55.5
Ireland,1918,49.8
Ireland,1919,56
Ireland,1920,56.3
Ireland,1921,56.5
Ireland,1922,56.8
Ireland,1923,57
Ireland,1924,57.3
Ireland,1925,57.6
Ireland,1926,57.8
Ireland,1927,58
Ireland,1928,58.1
Ireland,1929,58.2
Ireland,1930,58.4
Ireland,1931,58.5
Ireland,1932,58.6
Ireland,1933,58.8
Ireland,1934,58.9
Ireland,1935,59
Ireland,1936,59.2
Ireland,1937,59.4
Ireland,1938,59.6
Ireland,1939,59.8
Ireland,1940,60.1
Ireland,1941,60.3
Ireland,1942,60.6
Ireland,1943,60.9
Ireland,1944,61.1
Ireland,1945,61.4
Ireland,1946,61.7
Ireland,1947,62.8
Ireland,1948,63.8
Ireland,1949,64.9
Ireland,1950,66
Ireland,1951,65.8
Ireland,1952,67.3
Ireland,1953,68.1
Ireland,1954,68.3
Ireland,1955,68.5
Ireland,1956,69.1
Ireland,1957,69.4
Ireland,1958,69.6
Ireland,1959,69.8
Ireland,1960,70.1
Ireland,1961,70
Ireland,1962,70.2
Ireland,1963,70.5
Ireland,1964,70.6
Ireland,1965,70.8
Ireland,1966,70.7
Ireland,1967,71.1
Ireland,1968,71.2
Ireland,1969,71.1
Ireland,1970,71.2
Ireland,1971,71.5
Ireland,1972,71.4
Ireland,1973,71.4
Ireland,1974,71.4
Ireland,1975,71.7
Ireland,1976,72
Ireland,1977,72.2
Ireland,1978,72.2
Ireland,1979,72.4
Ireland,1980,72.7
Ireland,1981,73
Ireland,1982,73.3
Ireland,1983,73.4
Ireland,1984,73.7
Ireland,1985,73.8
Ireland,1986,73.9
Ireland,1987,74.3
Ireland,1988,74.5
Ireland,1989,74.7
Ireland,1990,75
Ireland,1991,75.2
Ireland,1992,75.4
Ireland,1993,75.5
Ireland,1994,75.8
Ireland,1995,75.7
Ireland,1996,76
Ireland,1997,76.1
Ireland,1998,76.3
Ireland,1999,76.4
Ireland,2000,76.8
Ireland,2001,77.3
Ireland,2002,77.8
Ireland,2003,78.3
Ireland,2004,78.7
Ireland,2005,79.1
Ireland,2006,79.4
Ireland,2007,79.7
Ireland,2008,80
Ireland,2009,80.2
Ireland,2010,80.8
Ireland,2011,80.8
Ireland,2012,81
Ireland,2013,81.2
Ireland,2014,81.5
Ireland,2015,81.7
Ireland,2016,81.9
Ireland,2017,81.9
Ireland,2018,82
Ireland,2019,82
Ireland,2020,81.1
Ireland,2021,82.3
Iceland,1901,53.1
Iceland,1902,50.7
Iceland,1903,49
Iceland,1904,52.8
Iceland,1905,49.7
Iceland,1906,53.8
Iceland,1907,49.9
Iceland,1908,45.9
Iceland,1909,52.5
Iceland,1910,52.9
Iceland,1911,55.7
Iceland,1912,56.2
Iceland,1913,59.2
Iceland,1914,52.1
Iceland,1915,53.9
Iceland,1916,54.8
Iceland,1917,59.3
Iceland,1918,51.3
Iceland,1919,58.7
Iceland,1920,54.8
Iceland,1921,54.5
Iceland,1922,57.2
Iceland,1923,57.9
Iceland,1924,54.3
Iceland,1925,58.5
Iceland,1926,61.1
Iceland,1927,58.4
Iceland,1928,62.1
Iceland,1929,60.9
Iceland,1930,60.5
Iceland,1931,61.1
Iceland,1932,62.5
Iceland,1933,63.4
Iceland,1934,63.7
Iceland,1935,59.8
Iceland,1936,63.1
Iceland,1937,63.9
Iceland,1938,65.5
Iceland,1939,66.4
Iceland,1940,66.2
Iceland,1941,63.6
Iceland,1942,64.5
Iceland,1943,65.6
Iceland,1944,67.2
Iceland,1945,68
Iceland,1946,69
Iceland,1947,69.8
Iceland,1948,70.7
Iceland,1949,71.9
Iceland,1950,71.5
Iceland,1951,71.8
Iceland,1952,72
Iceland,1953,72.2
Iceland,1954,72.5
Iceland,1955,72.7
Iceland,1956,72.8
Iceland,1957,73
Iceland,1958,73.1
Iceland,1959,73.2
Iceland,1960,73.4
Iceland,1961,73.4
Iceland,1962,73.5
Iceland,1963,73.6
Iceland,1964,73.7
Iceland,1965,73.7
Iceland,1966,73.8
Iceland,1967,73.8
Iceland,1968,73.9
Iceland,1969,74
Iceland,1970,73.9
Iceland,1971,74.2
Iceland,1972,74.5
Iceland,1973,74.8
Iceland,1974,75.1
Iceland,1975,75.7
Iceland,1976,75.9
Iceland,1977,76.1
Iceland,1978,76.2
Iceland,1979,76.3
Iceland,1980,76.5
Iceland,1981,76.7
Iceland,1982,77
Iceland,1983,77.1
Iceland,1984,77.3
Iceland,1985,77.3
Iceland,1986,77.3
Iceland,1987,77.7
Iceland,1988,77.7
Iceland,1989,77.9
Iceland,1990,78.1
Iceland,1991,78.2
Iceland,1992,78.5
Iceland,1993,78.6
Iceland,1994,78.7
Iceland,1995,78.4
Iceland,1996,79
Iceland,1997,79.2
Iceland,1998,79.5
Iceland,1999,79.9
Iceland,2000,80.3
Iceland,2001,80.6
Iceland,2002,80.8
Iceland,2003,81.2
Iceland,2004,81.4
Iceland,2005,81.6
Iceland,2006,81.7
Iceland,2007,81.9
Iceland,2008,82.2
Iceland,2009,82.4
Iceland,2010,82.6
Iceland,2011,82.8
Iceland,2012,82.9
Iceland,2013,83.2
Iceland,2014,83.7
Iceland,2015,83.7
Iceland,2016,83.8
Iceland,2017,83.9
Iceland,2018,84
Iceland,2019,84.1
Iceland,2020,84
Iceland,2021,84.4
Italy,1901,43.5
Italy,1902,43
Italy,1903,43.2
Italy,1904,44.5
Italy,1905,44
Italy,1906,45.1
Italy,1907,45.5
Italy,1908,43.2
Italy,1909,44.7
Italy,1910,46.8
Italy,1911,44.8
Italy,1912,49
Italy,1913,48.5
Italy,1914,49.9
Italy,1915,42.4
Italy,1916,39.3
Italy,1917,37.7
Italy,1918,25.6
Italy,1919,42.1
Italy,1920,45.6
Italy,1921,49.3
Italy,1922,50.1
Italy,1923,51.5
Italy,1924,51.6
Italy,1925,51.4
Italy,1926,51
Italy,1927,52.6
Italy,1928,52.8
Italy,1929,52.4
Italy,1930,55.3
Italy,1931,54.9
Italy,1932,54.9
Italy,1933,56.4
Italy,1934,57
Italy,1935,56.3
Italy,1936,56.8
Italy,1937,55.6
Italy,1938,56.2
Italy,1939,57.7
Italy,1940,57
Italy,1941,54.7
Italy,1942,52.5
Italy,1943,49.3
Italy,1944,52.4
Italy,1945,54.9
Italy,1946,59.1
Italy,1947,61.3
Italy,1948,63.6
Italy,1949,64.2
Italy,1950,65.9
Italy,1951,65.7
Italy,1952,66.2
Italy,1953,67.1
Italy,1954,68.1
Italy,1955,68.4
Italy,1956,68.3
Italy,1957,68.4
Italy,1958,69.2
Italy,1959,69.7
Italy,1960,69.9
Italy,1961,70.2
Italy,1962,69.9
Italy,1963,70
Italy,1964,70.7
Italy,1965,70.9
Italy,1966,71.3
Italy,1967,71.3
Italy,1968,71.2
Italy,1969,71.3
Italy,1970,71.8
Italy,1971,72.1
Italy,1972,72.3
Italy,1973,72.4
Italy,1974,72.8
Italy,1975,72.9
Italy,1976,73.1
Italy,1977,73.5
Italy,1978,73.8
Italy,1979,74.1
Italy,1980,74.2
Italy,1981,74.6
Italy,1982,75
Italy,1983,75
Italy,1984,75.5
Italy,1985,75.8
Italy,1986,76.1
Italy,1987,76.5
Italy,1988,76.7
Italy,1989,77
Italy,1990,77.2
Italy,1991,77.3
Italy,1992,77.5
Italy,1993,77.8
Italy,1994,78
Italy,1995,78.2
Italy,1996,78.5
Italy,1997,78.8
Italy,1998,79
Italy,1999,79.3
Italy,2000,79.6
Italy,2001,79.9
Italy,2002,80.2
Italy,2003,80.3
Italy,2004,80.8
Italy,2005,81
Italy,2006,81.3
Italy,2007,81.5
Italy,2008,81.6
Italy,2009,81.8
Italy,2010,82.1
Italy,2011,82.2
Italy,2012,82.4
Italy,2013,82.6
Italy,2014,82.8
Italy,2015,82.7
Italy,2016,83
Italy,2017,83.1
Italy,2018,83.1
Italy,2019,83.1
Italy,2020,81.9
Italy,2021,83.4
Norway,1901,54.7
Norway,1902,56.6
Norway,1903,55.1
Norway,1904,56.2
Norway,1905,55.2
Norway,1906,57
Norway,1907,56.6
Norway,1908,56.4
Norway,1909,57.6
Norway,1910,58.1
Norway,1911,58.2
Norway,1912,57.9
Norway,1913,58.5
Norway,1914,58
Norway,1915,58.3
Norway,1916,57.4
Norway,1917,57.9
Norway,1918,50.4
Norway,1919,57
Norway,1920,59
Norway,1921,61.8
Norway,1922,61
Norway,1923,62
Norway,1924,62.3
Norway,1925,62.7
Norway,1926,63.5
Norway,1927,63.1
Norway,1928,63.6
Norway,1929,62.7
Norway,1930,64.3
Norway,1931,64.3
Norway,1932,64.8
Norway,1933,65.7
Norway,1934,66.5
Norway,1935,66.1
Norway,1936,66.1
Norway,1937,66.3
Norway,1938,67.3
Norway,1939,67.6
Norway,1940,66.1
Norway,1941,66
Norway,1942,65.9
Norway,1943,66.4
Norway,1944,66.1
Norway,1945,68.5
Norway,1946,69.8
Norway,1947,70.3
Norway,1948,71.4
Norway,1949,71.8
Norway,1950,71.9
Norway,1951,72.2
Norway,1952,72.6
Norway,1953,72.9
Norway,1954,73.1
Norway,1955,73.2
Norway,1956,73.3
Norway,1957,73.3
Norway,1958,73.3
Norway,1959,73.4
Norway,1960,73.4
Norway,1961,73.4
Norway,1962,73.3
Norway,1963,73.2
Norway,1964,73.5
Norway,1965,73.6
Norway,1966,73.9
Norway,1967,73.9
Norway,1968,74
Norway,1969,74
Norway,1970,74.3
Norway,1971,74.4
Norway,1972,74.5
Norway,1973,74.7
Norway,1974,75
Norway,1975,75.1
Norway,1976,75.3
Norway,1977,75.6
Norway,1978,75.7
Norway,1979,75.7
Norway,1980,76
Norway,1981,76.2
Norway,1982,76.3
Norway,1983,76.4
Norway,1984,76.5
Norway,1985,76.3
Norway,1986,76.4
Norway,1987,76.3
Norway,1988,76.5
Norway,1989,76.7
Norway,1990,76.9
Norway,1991,77.2
Norway,1992,77.3
Norway,1993,77.5
Norway,1994,77.8
Norway,1995,78
Norway,1996,78.3
Norway,1997,78.5
Norway,1998,78.5
Norway,1999,78.7
Norway,2000,78.9
Norway,2001,79.1
Norway,2002,79.3
Norway,2003,79.7
Norway,2004,80.1
Norway,2005,80.4
Norway,2006,80.5
Norway,2007,80.7
Norway,2008,80.9
Norway,2009,81.1
Norway,2010,81.3
Norway,2011,81.3
Norway,2012,81.6
Norway,2013,81.8
Norway,2014,82.2
Norway,2015,82.4
Norway,2016,82.5
Norway,2017,82.8
Norway,2018,82.8
Norway,2019,82.9
Norway,2020,83.2
Norway,2021,83.2
Poland,1901,40.7
Poland,1902,41
Poland,1903,41.3
Poland,1904,41.6
Poland,1905,41.9
Poland,1906,42.2
Poland,1907,42.5
Poland,1908,42.8
Poland,1909,43.1
Poland,1910,43.4
Poland,1911,43.7
Poland,1912,44
Poland,1913,44.3
Poland,1914,44.6
Poland,1915,44.9
Poland,1916,45.2
Poland,1917,45.5
Poland,1918,38.6
Poland,1919,46.1
Poland,1920,46.5
Poland,1921,46.8
Poland,1922,47
Poland,1923,47.4
Poland,1924,47.6
Poland,1925,48
Poland,1926,48.3
Poland,1927,48.6
Poland,1928,48.9
Poland,1929,49.2
Poland,1930,49.5
Poland,1931,49.8
Poland,1932,50.3
Poland,1933,50.7
Poland,1934,51.2
Poland,1935,51.7
Poland,1936,52.2
Poland,1937,52.7
Poland,1938,53.2
Poland,1939,45
Poland,1940,44.7
Poland,1941,41.1
Poland,1942,33.4
Poland,1943,23.6
Poland,1944,15.4
Poland,1945,34.3
Poland,1946,47
Poland,1947,54
Poland,1948,56.9
Poland,1949,57.9
Poland,1950,59
Poland,1951,57.9
Poland,1952,60.1
Poland,1953,62.2
Poland,1954,62.7
Poland,1955,63.4
Poland,1956,64.9
Poland,1957,64.2
Poland,1958,65.8
Poland,1959,65.8
Poland,1960,67.9
Poland,1961,68.1
Poland,1962,67.9
Poland,1963,68.6
Poland,1964,69.1
Poland,1965,69.7
Poland,1966,70
Poland,1967,69.8
Poland,1968,70.3
Poland,1969,69.9
Poland,1970,70.2
Poland,1971,70.1
Poland,1972,71
Poland,1973,71.1
Poland,1974,71.6
Poland,1975,71.1
Poland,1976,71.1
Poland,1977,70.9
Poland,1978,70.9
Poland,1979,71.1
Poland,1980,70.5
Poland,1981,71.4
Poland,1982,71.5
Poland,1983,71.3
Poland,1984,71
Poland,1985,70.8
Poland,1986,71
Poland,1987,71.1
Poland,1988,71.4
Poland,1989,71.2
Poland,1990,71.1
Poland,1991,70.8
Poland,1992,71.2
Poland,1993,71.8
Poland,1994,71.8
Poland,1995,72
Poland,1996,72.5
Poland,1997,72.7
Poland,1998,73.1
Poland,1999,73.2
Poland,2000,73.9
Poland,2001,74.3
Poland,2002,74.7
Poland,2003,74.9
Poland,2004,75
Poland,2005,75.2
Poland,2006,75.3
Poland,2007,75.4
Poland,2008,75.6
Poland,2009,75.9
Poland,2010,76.5
Poland,2011,76.8
Poland,2012,76.9
Poland,2013,77.2
Poland,2014,77.6
Poland,2015,77.6
Poland,2016,77.9
Poland,2017,78
Poland,2018,78
Poland,2019,78.1
Poland,2020,76.7
Poland,2021,78.4
Portugal,1901,35.8
Portugal,1902,35.8
Portugal,1903,35.8
Portugal,1904,35.8
Portugal,1905,35.8
Portugal,1906,35.8
Portugal,1907,35.8
Portugal,1908,35.8
Portugal,1909,35.8
Portugal,1910,35.8
Portugal,1911,35.8
Portugal,1912,35.8
Portugal,1913,35.8
Portugal,1914,35.9
Portugal,1915,35.9
Portugal,1916,35.9
Portugal,1917,35.9
Portugal,1918,20.5
Portugal,1919,35.9
Portugal,1920,35.9
Portugal,1921,35.9
Portugal,1922,35.9
Portugal,1923,35.9
Portugal,1924,35.9
Portugal,1925,35.9
Portugal,1926,37
Portugal,1927,38
Portugal,1928,39.1
Portugal,1929,40.2
Portugal,1930,41.3
Portugal,1931,42.3
Portugal,1932,43.4
Portugal,1933,44.5
Portugal,1934,45.6
Portugal,1935,46.6
Portugal,1936,47.7
Portugal,1937,48.8
Portugal,1938,49.9
Portugal,1939,50.9
Portugal,1940,52
Portugal,1941,48.5
Portugal,1942,50.4
Portugal,1943,51.6
Portugal,1944,53
Portugal,1945,54.5
Portugal,1946,54.3
Portugal,1947,56.7
Portugal,1948,57.5
Portugal,1949,56.1
Portugal,1950,59.3
Portugal,1951,60
Portugal,1952,60.3
Portugal,1953,61.4
Portugal,1954,62.6
Portugal,1955,61.4
Portugal,1956,61.7
Portugal,1957,62.1
Portugal,1958,63.8
Portugal,1959,63.6
Portugal,1960,64.7
Portugal,1961,63.6
Portugal,1962,64.5
Portugal,1963,65.2
Portugal,1964,65.3
Portugal,1965,65.9
Portugal,1966,65.8
Portugal,1967,66.3
Portugal,1968,66.7
Portugal,1969,66.8
Portugal,1970,67.4
Portugal,1971,67.7
Portugal,1972,69.1
Portugal,1973,69
Portugal,1974,69.2
Portugal,1975,69.3
Portugal,1976,69.8
Portugal,1977,70.4
Portugal,1978,71.1
Portugal,1979,71.6
Portugal,1980,71.8
Portugal,1981,72.1
Portugal,1982,72.6
Portugal,1983,72.7
Portugal,1984,73
Portugal,1985,73.3
Portugal,1986,73.6
Portugal,1987,73.9
Portugal,1988,74.1
Portugal,1989,74.3
Portugal,1990,74.3
Portugal,1991,74.3
Portugal,1992,74.7
Portugal,1993,74.9
Portugal,1994,75.4
Portugal,1995,75.5
Portugal,1996,75.6
Portugal,1997,75.9
Portugal,1998,76.2
Portugal,1999,76.4
Portugal,2000,76.8
Portugal,2001,77.2
Portugal,2002,77.5
Portugal,2003,77.8
Portugal,2004,78.4
Portugal,2005,78.8
Portugal,2006,79.2
Portugal,2007,79.4
Portugal,2008,79.7
Portugal,2009,79.9
Portugal,2010,80.2
Portugal,2011,80.5
Portugal,2012,80.8
Portugal,2013,81.1
Portugal,2014,81.3
Portugal,2015,81.5
Portugal,2016,81.6
Portugal,2017,81.6
Portugal,2018,81.7
Portugal,2019,81.7
Portugal,2020,80.9
Portugal,2021,82.1
Russia,1901,29.1
Russia,1902,29.8
Russia,1903,31.8
Russia,1904,32.2
Russia,1905,30.5
Russia,1906,32
Russia,1907,33.6
Russia,1908,33.6
Russia,1909,32.4
Russia,1910,31.4
Russia,1911,35.1
Russia,1912,35.5
Russia,1913,33.3
Russia,1914,33
Russia,1915,31.5
Russia,1916,31.5
Russia,1917,29
Russia,1918,23
Russia,1919,25
Russia,1920,20.5
Russia,1921,23.8
Russia,1922,24.7
Russia,1923,33.6
Russia,1924,36.1
Russia,1925,35.2
Russia,1926,38.4
Russia,1927,37.5
Russia,1928,38.9
Russia,1929,37.4
Russia,1930,36.5
Russia,1931,35
Russia,1932,32.8
Russia,1933,17.4
Russia,1934,38.2
Russia,1935,39.6
Russia,1936,41.1
Russia,1937,39.9
Russia,1938,41.4
Russia,1939,43.6
Russia,1940,41.2
Russia,1941,23
Russia,1942,18
Russia,1943,16
Russia,1944,27
Russia,1945,34
Russia,1946,46.1
Russia,1947,40.4
Russia,1948,52.2
Russia,1949,55
Russia,1950,57.3
Russia,1951,60
Russia,1952,62.5
Russia,1953,65.1
Russia,1954,67.4
Russia,1955,67.7
Russia,1956,67.9
Russia,1957,68
Russia,1958,68.2
Russia,1959,68.1
Russia,1960,69
Russia,1961,69.3
Russia,1962,69.1
Russia,1963,69.4
Russia,1964,70.2
Russia,1965,70
Russia,1966,69.9
Russia,1967,69.7
Russia,1968,69.5
Russia,1969,69.1
Russia,1970,69.2
Russia,1971,69.3
Russia,1972,69.3
Russia,1973,69.2
Russia,1974,69.2
Russia,1975,68.6
Russia,1976,68.3
Russia,1977,68.1
Russia,1978,68.1
Russia,1979,67.8
Russia,1980,67.7
Russia,1981,68
Russia,1982,68.5
Russia,1983,68.3
Russia,1984,67.8
Russia,1985,68.5
Russia,1986,70.2
Russia,1987,70.2
Russia,1988,70.1
Russia,1989,69.8
Russia,1990,69.5
Russia,1991,69.3
Russia,1992,68.1
Russia,1993,65.5
Russia,1994,64.2
Russia,1995,64.8
Russia,1996,66.1
Russia,1997,67.2
Russia,1998,67.5
Russia,1999,66.2
Russia,2000,65.6
Russia,2001,65.5
Russia,2002,65.4
Russia,2003,65.2
Russia,2004,65.5
Russia,2005,65
Russia,2006,66.5
Russia,2007,67.5
Russia,2008,67.7
Russia,2009,68.7
Russia,2010,68.8
Russia,2011,70
Russia,2012,70.5
Russia,2013,70.9
Russia,2014,71
Russia,2015,71.5
Russia,2016,72
Russia,2017,72.9
Russia,2018,73
Russia,2019,73
Russia,2020,71.2
Russia,2021,73.3
Slovenia,1901,36.6
Slovenia,1902,36.6
Slovenia,1903,36.6
Slovenia,1904,36.6
Slovenia,1905,36.6
Slovenia,1906,36.6
Slovenia,1907,36.6
Slovenia,1908,36.6
Slovenia,1909,36.6
Slovenia,1910,36.6
Slovenia,1911,36.6
Slovenia,1912,36.6
Slovenia,1913,36.6
Slovenia,1914,36.6
Slovenia,1915,36.6
Slovenia,1916,36.6
Slovenia,1917,36.6
Slovenia,1918,20.1
Slovenia,1919,36.6
Slovenia,1920,36.6
Slovenia,1921,37.5
Slovenia,1922,38.5
Slovenia,1923,39.4
Slovenia,1924,40.3
Slovenia,1925,41.2
Slovenia,1926,42.2
Slovenia,1927,43.1
Slovenia,1928,44
Slovenia,1929,45
Slovenia,1930,45.9
Slovenia,1931,46.8
Slovenia,1932,47.7
Slovenia,1933,48.7
Slovenia,1934,49.6
Slovenia,1935,50.5
Slovenia,1936,51.5
Slovenia,1937,52.4
Slovenia,1938,53.3
Slovenia,1939,54.2
Slovenia,1940,55.2
Slovenia,1941,52.2
Slovenia,1942,50.4
Slovenia,1943,48.8
Slovenia,1944,47.3
Slovenia,1945,49.1
Slovenia,1946,54
Slovenia,1947,58.8
Slovenia,1948,59.1
Slovenia,1949,58.9
Slovenia,1950,58.5
Slovenia,1951,58
Slovenia,1952,60.2
Slovenia,1953,60.6
Slovenia,1954,62.2
Slovenia,1955,61.9
Slovenia,1956,62.4
Slovenia,1957,63.2
Slovenia,1958,65.1
Slovenia,1959,64.9
Slovenia,1960,65.3
Slovenia,1961,66.3
Slovenia,1962,65.9
Slovenia,1963,66.9
Slovenia,1964,67
Slovenia,1965,67.9
Slovenia,1966,68.7
Slovenia,1967,68.5
Slovenia,1968,68.5
Slovenia,1969,68.1
Slovenia,1970,68.6
Slovenia,1971,69
Slovenia,1972,68.9
Slovenia,1973,69.7
Slovenia,1974,70.1
Slovenia,1975,70.2
Slovenia,1976,70.5
Slovenia,1977,70.6
Slovenia,1978,70.5
Slovenia,1979,70.7
Slovenia,1980,71.3
Slovenia,1981,71.5
Slovenia,1982,71.2
Slovenia,1983,71.1
Slovenia,1984,71.5
Slovenia,1985,72.1
Slovenia,1986,72.5
Slovenia,1987,72.9
Slovenia,1988,73.3
Slovenia,1989,73.7
Slovenia,1990,74
Slovenia,1991,74.2
Slovenia,1992,74.5
Slovenia,1993,74.7
Slovenia,1994,74.9
Slovenia,1995,75.1
Slovenia,1996,75.3
Slovenia,1997,75.3
Slovenia,1998,75.5
Slovenia,1999,75.8
Slovenia,2000,76.3
Slovenia,2001,76.3
Slovenia,2002,76.8
Slovenia,2003,77
Slovenia,2004,77.4
Slovenia,2005,78.1
Slovenia,2006,78.3
Slovenia,2007,78.6
Slovenia,2008,79.1
Slovenia,2009,79.4
Slovenia,2010,79.7
Slovenia,2011,80
Slovenia,2012,80.2
Slovenia,2013,80.5
Slovenia,2014,81.3
Slovenia,2015,81
Slovenia,2016,81.3
Slovenia,2017,81.3
Slovenia,2018,81.4
Slovenia,2019,81.4
Slovenia,2020,80.4
Slovenia,2021,81.7
Sweden,1901,53
Sweden,1902,54.8
Sweden,1903,55.2
Sweden,1904,55.5
Sweden,1905,54.6
Sweden,1906,56.8
Sweden,1907,57.1
Sweden,1908,56.5
Sweden,1909,58.5
Sweden,1910,57.9
Sweden,1911,58.1
Sweden,1912,57.9
Sweden,1913,58.8
Sweden,1914,58.4
Sweden,1915,57.3
Sweden,1916,58.3
Sweden,1917,59
Sweden,1918,49.9
Sweden,1919,56.7
Sweden,1920,58.9
Sweden,1921,61.1
Sweden,1922,61.2
Sweden,1923,63.1
Sweden,1924,62.1
Sweden,1925,62.7
Sweden,1926,62.9
Sweden,1927,61.7
Sweden,1928,62.4
Sweden,1929,62.5
Sweden,1930,63.3
Sweden,1931,62.8
Sweden,1932,64.1
Sweden,1933,65
Sweden,1934,65.1
Sweden,1935,65
Sweden,1936,64.8
Sweden,1937,64.8
Sweden,1938,65.7
Sweden,1939,66.6
Sweden,1940,66.9
Sweden,1941,67.2
Sweden,1942,69.2
Sweden,1943,68.9
Sweden,1944,67.9
Sweden,1945,68.5
Sweden,1946,69.7
Sweden,1947,69.7
Sweden,1948,70.9
Sweden,1949,71
Sweden,1950,71.4
Sweden,1951,71.6
Sweden,1952,72
Sweden,1953,72.2
Sweden,1954,72.5
Sweden,1955,72.8
Sweden,1956,72.9
Sweden,1957,72.9
Sweden,1958,73.3
Sweden,1959,73.5
Sweden,1960,73.4
Sweden,1961,73.6
Sweden,1962,73.7
Sweden,1963,73.9
Sweden,1964,74
Sweden,1965,74.2
Sweden,1966,74.3
Sweden,1967,74.4
Sweden,1968,74.4
Sweden,1969,74.5
Sweden,1970,74.8
Sweden,1971,74.9
Sweden,1972,75
Sweden,1973,75.1
Sweden,1974,75.2
Sweden,1975,75.3
Sweden,1976,75.4
Sweden,1977,75.6
Sweden,1978,75.8
Sweden,1979,75.8
Sweden,1980,76.1
Sweden,1981,76.4
Sweden,1982,76.6
Sweden,1983,76.9
Sweden,1984,77.1
Sweden,1985,77.1
Sweden,1986,77.3
Sweden,1987,77.3
Sweden,1988,77.4
Sweden,1989,77.8
Sweden,1990,78
Sweden,1991,78.1
Sweden,1992,78.3
Sweden,1993,78.5
Sweden,1994,78.8
Sweden,1995,79.1
Sweden,1996,79.3
Sweden,1997,79.5
Sweden,1998,79.6
Sweden,1999,79.8
Sweden,2000,80
Sweden,2001,80.2
Sweden,2002,80.3
Sweden,2003,80.5
Sweden,2004,80.7
Sweden,2005,81
Sweden,2006,81.1
Sweden,2007,81.3
Sweden,2008,81.5
Sweden,2009,81.7
Sweden,2010,81.9
Sweden,2011,82
Sweden,2012,82.1
Sweden,2013,82.3
Sweden,2014,82.5
Sweden,2015,82.5
Sweden,2016,82.6
Sweden,2017,82.7
Sweden,2018,82.7
Sweden,2019,82.8
Sweden,2020,82
Sweden,2021,83.1
